Variable,Coefficient
alpha,-0.33455612558243253
beta_SPX,-2.0816681711721685e-17
beta_dVIX,0.019376386244006612
beta_VIX_lag1,0.019178802648743287
